ContactIDSource,ContactIDMatch,Accuracy
1,85,Very Low
85,1,Very Low
1,202,Very Low
202,1,Very Low
1,252,Very Low
252,1,Very Low
1,372,Very Low
372,1,Very Low
1,474,Very Low
474,1,Very Low
1,501,High
501,1,High
1,585,Very Low
585,1,Very Low
1,702,Very Low
702,1,Very Low
1,752,Very Low
752,1,Very Low
1,872,Very Low
872,1,Very Low
1,974,Very Low
974,1,Very Low
2,310,Very Low
310,2,Very Low
2,502,High
502,2,High
2,810,Very Low
810,2,Very Low
3,503,High
503,3,High
4,398,Very Low
398,4,Very Low
4,504,High
504,4,High
4,898,Very Low
898,4,Very Low
5,145,Low
145,5,Low
5,440,Very Low
440,5,Very Low
5,505,High
505,5,High
5,645,Low
645,5,Low
6,344,Very Low
344,6,Very Low
6,506,High
506,6,High
6,844,Very Low
844,6,Very Low
7,109,Very Low
109,7,Very Low
7,507,High
507,7,High
8,26,Very Low
26,8,Very Low
8,474,Very Low
474,8,Very Low
8,508,Very High
508,8,Very High
8,526,Very Low
526,8,Very Low
8,974,Very Low
974,8,Very Low
9,253,Very Low
253,9,Very Low
9,509,Very High
509,9,Very High
9,753,Very Low
753,9,Very Low
10,479,Very Low
479,10,Very Low
10,510,Very High
510,10,Very High
10,979,Very Low
979,10,Very Low
11,39,Very Low
39,11,Very Low
11,186,Very Low
186,11,Very Low
11,206,Very Low
206,11,Very Low
11,284,Very Low
284,11,Very Low
11,511,High
511,11,High
11,539,Very Low
539,11,Very Low
11,706,Very Low
706,11,Very Low
12,317,Very Low
317,12,Very Low
12,512,High
512,12,High
12,817,Very Low
817,12,Very Low
13,108,Very Low
108,13,Very Low
13,166,Very Low
166,13,Very Low
13,244,Very Low
244,13,Very Low
13,311,Very Low
311,13,Very Low
13,318,Very Low
318,13,Very Low
13,513,High
513,13,High
13,608,Very Low
608,13,Very Low
13,744,Very Low
744,13,Very Low
13,811,Very Low
811,13,Very Low
13,818,Very Low
818,13,Very Low
14,412,Very Low
412,14,Very Low
14,452,Very Low
452,14,Very Low
14,514,High
514,14,High
14,912,Very Low
912,14,Very Low
14,952,Very Low
952,14,Very Low
15,291,Very Low
291,15,Very Low
15,390,Very Low
390,15,Very Low
15,515,High
515,15,High
15,890,Very Low
890,15,Very Low
16,65,Very Low
65,16,Very Low
16,142,Very Low
142,16,Very Low
16,290,Very Low
290,16,Very Low
16,300,Very Low
300,16,Very Low
16,494,Very Low
494,16,Very Low
16,516,High
516,16,High
16,565,Very Low
565,16,Very Low
16,642,Very Low
642,16,Very Low
16,800,Very Low
800,16,Very Low
16,994,Very Low
994,16,Very Low
17,422,Very Low
422,17,Very Low
17,517,Very High
517,17,Very High
17,922,Very Low
922,17,Very Low
18,405,Very Low
405,18,Very Low
18,518,High
518,18,High
19,467,Very Low
467,19,Very Low
19,519,High
519,19,High
19,967,Very Low
967,19,Very Low
20,197,Very Low
197,20,Very Low
20,368,Very Low
368,20,Very Low
20,520,Very High
520,20,Very High
20,697,Very Low
697,20,Very Low
21,285,Very Low
285,21,Very Low
21,379,Very Low
379,21,Very Low
21,481,Very Low
481,21,Very Low
21,521,High
521,21,High
21,981,Very Low
981,21,Very Low
22,522,Very High
522,22,Very High
23,523,High
523,23,High
24,524,Very High
524,24,Very High
25,306,Very Low
306,25,Very Low
25,525,High
525,25,High
25,806,Very Low
806,25,Very Low
26,139,Very Low
139,26,Very Low
26,297,Very Low
297,26,Very Low
26,508,Very Low
508,26,Very Low
26,526,High
526,26,High
26,639,Very Low
639,26,Very Low
27,442,Very Low
442,27,Very Low
27,527,High
527,27,High
27,942,Very Low
942,27,Very Low
28,68,Very Low
68,28,Very Low
28,211,Very Low
211,28,Very Low
28,335,Very Low
335,28,Very Low
28,528,Very High
528,28,Very High
28,835,Very Low
835,28,Very Low
29,51,Very Low
51,29,Very Low
29,63,Very Low
63,29,Very Low
29,166,Very Low
166,29,Very Low
29,246,Very Low
246,29,Very Low
29,272,Very Low
272,29,Very Low
29,378,Very Low
378,29,Very Low
29,384,Very Low
384,29,Very Low
29,471,Very Low
471,29,Very Low
29,529,Very High
529,29,Very High
29,551,Very Low
551,29,Very Low
29,563,Very Low
563,29,Very Low
29,666,Very Low
666,29,Very Low
29,772,Very Low
772,29,Very Low
29,878,Very Low
878,29,Very Low
29,884,Very Low
884,29,Very Low
29,971,Very Low
971,29,Very Low
30,36,Very Low
36,30,Very Low
30,89,Very Low
89,30,Very Low
30,204,Very Low
204,30,Very Low
30,342,Very Low
342,30,Very Low
30,448,Very Low
448,30,Very Low
30,481,Very Low
481,30,Very Low
30,530,High
530,30,High
30,589,Very Low
589,30,Very Low
30,704,Very Low
704,30,Very Low
30,842,Very Low
842,30,Very Low
30,948,Very Low
948,30,Very Low
30,981,Very Low
981,30,Very Low
31,286,Very Low
286,31,Very Low
31,299,Very Low
299,31,Very Low
31,531,Very High
531,31,Very High
31,799,Very Low
799,31,Very Low
32,532,Very High
532,32,Very High
33,533,Very High
533,33,Very High
34,319,Very Low
319,34,Very Low
34,433,Very Low
433,34,Very Low
34,534,High
534,34,High
34,819,Very Low
819,34,Very Low
34,933,Very Low
933,34,Very Low
35,406,Very Low
406,35,Very Low
35,535,High
535,35,High
36,208,Very Low
208,36,Very Low
36,245,Very Low
245,36,Very Low
36,328,Very Low
328,36,Very Low
36,481,Very Low
481,36,Very Low
36,536,High
536,36,High
36,708,Very Low
708,36,Very Low
36,745,Very Low
745,36,Very Low
36,981,Very Low
981,36,Very Low
37,194,Very Low
194,37,Very Low
37,221,Very Low
221,37,Very Low
37,537,High
537,37,High
38,137,Very Low
137,38,Very Low
38,538,High
538,38,High
38,637,Very Low
637,38,Very Low
39,206,Very Low
206,39,Very Low
39,318,Very Low
318,39,Very Low
39,397,Very Low
397,39,Very Low
39,511,Very Low
511,39,Very Low
39,539,Very High
539,39,Very High
39,706,Very Low
706,39,Very Low
39,897,Very Low
897,39,Very Low
40,540,Very High
540,40,Very High
41,401,Very Low
401,41,Very Low
41,541,Very High
541,41,Very High
42,215,Very Low
215,42,Very Low
42,415,Very Low
415,42,Very Low
42,542,High
542,42,High
42,715,Very Low
715,42,Very Low
42,915,Very Low
915,42,Very Low
43,391,Very Low
391,43,Very Low
43,543,High
543,43,High
44,45,Very Low
45,44,Very Low
44,76,Very Low
76,44,Very Low
44,167,Very Low
167,44,Very Low
44,364,Very Low
364,44,Very Low
44,374,Very Low
374,44,Very Low
44,435,Very Low
435,44,Very Low
44,544,High
544,44,High
44,576,Very Low
576,44,Very Low
44,667,Very Low
667,44,Very Low
44,874,Very Low
874,44,Very Low
45,364,Very Low
364,45,Very Low
45,435,Very Low
435,45,Very Low
45,545,Very High
545,45,Very High
46,275,Very Low
275,46,Very Low
46,435,Very Low
435,46,Very Low
46,546,Very High
546,46,Very High
46,775,Very Low
775,46,Very Low
47,261,Very Low
261,47,Very Low
47,299,Very Low
299,47,Very Low
47,547,High
547,47,High
47,761,Very Low
761,47,Very Low
48,264,Very Low
264,48,Very Low
48,548,Very High
548,48,Very High
49,61,Very Low
61,49,Very Low
49,237,Very Low
237,49,Very Low
49,549,High
549,49,High
49,561,Very Low
561,49,Very Low
50,176,Very Low
176,50,Very Low
50,233,Very Low
233,50,Very Low
50,550,High
550,50,High
50,676,Very Low
676,50,Very Low
50,733,Very Low
733,50,Very Low
51,181,Very Low
181,51,Very Low
51,193,Very Low
193,51,Very Low
51,246,Very Low
246,51,Very Low
51,309,Very Low
309,51,Very Low
51,383,Very Low
383,51,Very Low
51,529,Very Low
529,51,Very Low
51,551,High
551,51,High
51,681,Very Low
681,51,Very Low
51,693,Very Low
693,51,Very Low
51,809,Very Low
809,51,Very Low
51,883,Very Low
883,51,Very Low
52,492,Very Low
492,52,Very Low
52,552,High
552,52,High
52,992,Very Low
992,52,Very Low
53,482,Very Low
482,53,Very Low
53,553,High
553,53,High
53,982,Very Low
982,53,Very Low
54,293,Very Low
293,54,Very Low
54,346,Very Low
346,54,Very Low
54,554,High
554,54,High
54,793,Very Low
793,54,Very Low
55,125,Very Low
125,55,Very Low
55,337,Very Low
337,55,Very Low
55,555,High
555,55,High
56,400,Very Low
400,56,Very Low
56,425,Very Low
425,56,Very Low
56,556,High
556,56,High
56,900,Very Low
900,56,Very Low
56,925,Very Low
925,56,Very Low
57,74,Very Low
74,57,Very Low
57,557,Very High
557,57,Very High
58,171,Very Low
171,58,Very Low
58,332,Very Low
332,58,Very Low
58,376,Very Low
376,58,Very Low
58,558,High
558,58,High
58,671,Very Low
671,58,Very Low
58,832,Very Low
832,58,Very Low
58,876,Very Low
876,58,Very Low
59,134,Very Low
134,59,Very Low
59,559,Very High
559,59,Very High
59,634,Very Low
634,59,Very Low
60,560,High
560,60,High
61,126,Very Low
126,61,Very Low
61,176,Very Low
176,61,Very Low
61,188,Very Low
188,61,Very Low
61,260,Very Low
260,61,Very Low
61,549,Very Low
549,61,Very Low
61,561,High
561,61,High
61,676,Very Low
676,61,Very Low
62,477,Very Low
477,62,Very Low
62,562,Very High
562,62,Very High
62,977,Very Low
977,62,Very Low
63,166,Very Low
166,63,Very Low
63,272,Very Low
272,63,Very Low
63,304,Very Low
304,63,Very Low
63,378,Very Low
378,63,Very Low
63,384,Very Low
384,63,Very Low
63,471,Very Low
471,63,Very Low
63,529,Very Low
529,63,Very Low
63,563,Very High
563,63,Very High
63,666,Very Low
666,63,Very Low
63,772,Very Low
772,63,Very Low
63,878,Very Low
878,63,Very Low
63,884,Very Low
884,63,Very Low
63,971,Very Low
971,63,Very Low
64,88,Very Low
88,64,Very Low
64,113,Low
113,64,Low
64,409,Very Low
409,64,Very Low
64,564,High
564,64,High
64,588,Very Low
588,64,Very Low
64,613,Low
613,64,Low
64,909,Very Low
909,64,Very Low
65,142,Very Low
142,65,Very Low
65,277,Very Low
277,65,Very Low
65,300,Very Low
300,65,Very Low
65,494,Very Low
494,65,Very Low
65,516,Very Low
516,65,Very Low
65,565,Very High
565,65,Very High
65,642,Very Low
642,65,Very Low
65,800,Very Low
800,65,Very Low
65,994,Very Low
994,65,Very Low
66,566,Very High
566,66,Very High
67,135,Very Low
135,67,Very Low
67,424,Very Low
424,67,Very Low
67,567,High
567,67,High
67,635,Very Low
635,67,Very Low
67,924,Very Low
924,67,Very Low
68,211,Very Low
211,68,Very Low
68,568,High
568,68,High
69,303,Very Low
303,69,Very Low
69,384,Very Low
384,69,Very Low
69,443,Very Low
443,69,Very Low
69,470,Very Low
470,69,Very Low
69,569,High
569,69,High
69,803,Very Low
803,69,Very Low
69,943,Very Low
943,69,Very Low
69,970,Very Low
970,69,Very Low
70,229,Very Low
229,70,Very Low
70,274,Very Low
274,70,Very Low
70,391,Very Low
391,70,Very Low
70,421,Very Low
421,70,Very Low
70,453,Very Low
453,70,Very Low
70,468,Very Low
468,70,Very Low
70,570,High
570,70,High
70,729,Very Low
729,70,Very Low
70,891,Very Low
891,70,Very Low
70,921,Very Low
921,70,Very Low
70,953,Very Low
953,70,Very Low
70,968,Very Low
968,70,Very Low
71,133,Very Low
133,71,Very Low
71,436,Very Low
436,71,Very Low
71,571,High
571,71,High
71,633,Very Low
633,71,Very Low
72,572,High
572,72,High
73,573,Very High
573,73,Very High
74,464,Low
464,74,Low
74,574,High
574,74,High
74,964,Low
964,74,Low
75,254,Very Low
254,75,Very Low
75,277,Very Low
277,75,Very Low
75,575,High
575,75,High
75,754,Very Low
754,75,Very Low
76,167,Very Low
167,76,Very Low
76,374,Very Low
374,76,Very Low
76,544,Very Low
544,76,Very Low
76,576,Very High
576,76,Very High
76,667,Very Low
667,76,Very Low
76,874,Very Low
874,76,Very Low
77,255,Very Low
255,77,Very Low
77,490,Very Low
490,77,Very Low
77,577,Very High
577,77,Very High
77,990,Very Low
990,77,Very Low
78,172,Very Low
172,78,Very Low
78,578,Very High
578,78,Very High
79,392,Very Low
392,79,Very Low
79,579,Very High
579,79,Very High
79,892,Very Low
892,79,Very Low
80,130,Very Low
130,80,Very Low
80,488,Very Low
488,80,Very Low
80,580,Very High
580,80,Very High
80,630,Very Low
630,80,Very Low
80,988,Very Low
988,80,Very Low
81,466,Very Low
466,81,Very Low
81,581,High
581,81,High
81,966,Very Low
966,81,Very Low
82,413,Very Low
413,82,Very Low
82,478,Very Low
478,82,Very Low
82,582,Very High
582,82,Very High
82,913,Very Low
913,82,Very Low
82,978,Very Low
978,82,Very Low
83,240,Very Low
240,83,Very Low
83,421,Very Low
421,83,Very Low
83,583,High
583,83,High
83,740,Very Low
740,83,Very Low
84,484,Very Low
484,84,Very Low
84,584,High
584,84,High
84,984,Very Low
984,84,Very Low
85,202,Very Low
202,85,Very Low
85,245,Very Low
245,85,Very Low
85,252,Very Low
252,85,Very Low
85,372,Very Low
372,85,Very Low
85,455,Very Low
455,85,Very Low
85,470,Very Low
470,85,Very Low
85,474,Very Low
474,85,Very Low
85,501,Very Low
501,85,Very Low
85,585,Very High
585,85,Very High
85,702,Very Low
702,85,Very Low
85,752,Very Low
752,85,Very Low
85,872,Very Low
872,85,Very Low
85,955,Very Low
955,85,Very Low
85,970,Very Low
970,85,Very Low
85,974,Very Low
974,85,Very Low
86,165,Very Low
165,86,Very Low
86,420,Very Low
420,86,Very Low
86,489,Very Low
489,86,Very Low
86,586,Very High
586,86,Very High
86,665,Very Low
665,86,Very Low
86,989,Very Low
989,86,Very Low
87,95,Very Low
95,87,Very Low
87,268,Very Low
268,87,Very Low
87,325,Very Low
325,87,Very Low
87,467,Very Low
467,87,Very Low
87,587,High
587,87,High
87,595,Very Low
595,87,Very Low
87,768,Very Low
768,87,Very Low
87,825,Very Low
825,87,Very Low
87,967,Very Low
967,87,Very Low
88,113,Very Low
113,88,Very Low
88,409,Very Low
409,88,Very Low
88,564,Very Low
564,88,Very Low
88,588,High
588,88,High
88,613,Very Low
613,88,Very Low
88,909,Very Low
909,88,Very Low
89,204,Very Low
204,89,Very Low
89,342,Very Low
342,89,Very Low
89,448,Very Low
448,89,Very Low
89,530,Very Low
530,89,Very Low
89,589,Very High
589,89,Very High
89,704,Very Low
704,89,Very Low
89,842,Very Low
842,89,Very Low
89,948,Very Low
948,89,Very Low
90,590,Very High
590,90,Very High
91,345,Very Low
345,91,Very Low
91,591,High
591,91,High
91,845,Very Low
845,91,Very Low
92,205,Very Low
205,92,Very Low
92,349,Very Low
349,92,Very Low
92,592,High
592,92,High
93,593,High
593,93,High
94,211,Very Low
211,94,Very Low
94,594,Very High
594,94,Very High
95,268,Very Low
268,95,Very Low
95,325,Very Low
325,95,Very Low
95,454,Very Low
454,95,Very Low
95,467,Very Low
467,95,Very Low
95,587,Very Low
587,95,Very Low
95,595,Very High
595,95,Very High
95,768,Very Low
768,95,Very Low
95,825,Very Low
825,95,Very Low
95,954,Very Low
954,95,Very Low
95,967,Very Low
967,95,Very Low
96,596,Very High
596,96,Very High
97,186,Very Low
186,97,Very Low
97,191,Very Low
191,97,Very Low
97,307,Very Low
307,97,Very Low
97,316,Very Low
316,97,Very Low
97,317,Very Low
317,97,Very Low
97,417,Very Low
417,97,Very Low
97,457,Very Low
457,97,Very Low
97,597,Very High
597,97,Very High
97,686,Very Low
686,97,Very Low
97,691,Very Low
691,97,Very Low
97,807,Very Low
807,97,Very Low
97,917,Very Low
917,97,Very Low
97,957,Very Low
957,97,Very Low
98,598,Very High
598,98,Very High
99,599,High
599,99,High
100,347,Very Low
347,100,Very Low
100,600,High
600,100,High
100,847,Very Low
847,100,Very Low
101,285,Very Low
285,101,Very Low
101,331,Very Low
331,101,Very Low
101,341,Very Low
341,101,Very Low
101,425,Very Low
425,101,Very Low
101,490,Very Low
490,101,Very Low
101,601,Very High
601,101,Very High
101,785,Very Low
785,101,Very Low
101,831,Very Low
831,101,Very Low
101,841,Very Low
841,101,Very Low
101,990,Very Low
990,101,Very Low
102,297,Very Low
297,102,Very Low
102,602,High
602,102,High
102,797,Very Low
797,102,Very Low
103,370,Very Low
370,103,Very Low
103,377,Very Low
377,103,Very Low
103,380,Very Low
380,103,Very Low
103,386,Very Low
386,103,Very Low
103,418,Very Low
418,103,Very Low
103,603,Very High
603,103,Very High
103,870,Very Low
870,103,Very Low
103,877,Very Low
877,103,Very Low
103,880,Very Low
880,103,Very Low
104,112,Very Low
112,104,Very Low
104,218,Very Low
218,104,Very Low
104,320,Very Low
320,104,Very Low
104,404,Very Low
404,104,Very Low
104,472,Very Low
472,104,Very Low
104,604,Very High
604,104,Very High
104,612,Very Low
612,104,Very Low
104,718,Very Low
718,104,Very Low
104,820,Very Low
820,104,Very Low
104,972,Very Low
972,104,Very Low
105,136,Very Low
136,105,Very Low
105,148,Very Low
148,105,Very Low
105,313,Very Low
313,105,Very Low
105,368,Very Low
368,105,Very Low
105,426,Very Low
426,105,Very Low
105,605,Very High
605,105,Very High
105,636,Very Low
636,105,Very Low
105,648,Very Low
648,105,Very Low
105,813,Very Low
813,105,Very Low
105,868,Very Low
868,105,Very Low
105,926,Very Low
926,105,Very Low
106,123,Very Low
123,106,Very Low
106,414,Very Low
414,106,Very Low
106,428,Very Low
428,106,Very Low
106,606,Very High
606,106,Very High
106,623,Very Low
623,106,Very Low
106,928,Very Low
928,106,Very Low
107,263,Very Low
263,107,Very Low
107,274,Very Low
274,107,Very Low
107,607,Very High
607,107,Very High
107,763,Very Low
763,107,Very Low
107,774,Very Low
774,107,Very Low
108,244,Very Low
244,108,Very Low
108,311,Very Low
311,108,Very Low
108,318,Very Low
318,108,Very Low
108,325,Very Low
325,108,Very Low
108,476,Very Low
476,108,Very Low
108,513,Very Low
513,108,Very Low
108,608,High
608,108,High
108,744,Very Low
744,108,Very Low
108,811,Very Low
811,108,Very Low
108,818,Very Low
818,108,Very Low
108,976,Very Low
976,108,Very Low
109,312,Very Low
312,109,Very Low
109,460,Very Low
460,109,Very Low
109,507,Very Low
507,109,Very Low
109,609,High
609,109,High
109,812,Very Low
812,109,Very Low
109,960,Very Low
960,109,Very Low
110,610,Very High
610,110,Very High
111,381,Very Low
381,111,Very Low
111,611,Very High
611,111,Very High
111,881,Very Low
881,111,Very Low
112,218,Very Low
218,112,Very Low
112,223,Very Low
223,112,Very Low
112,320,Very Low
320,112,Very Low
112,447,Very Low
447,112,Very Low
112,472,Very Low
472,112,Very Low
112,604,Very Low
604,112,Very Low
112,612,Very High
612,112,Very High
112,718,Very Low
718,112,Very Low
112,820,Very Low
820,112,Very Low
112,972,Very Low
972,112,Very Low
113,409,Very Low
409,113,Very Low
113,564,Very Low
564,113,Very Low
113,588,Very Low
588,113,Very Low
113,613,High
613,113,High
113,909,Very Low
909,113,Very Low
114,144,Very Low
144,114,Very Low
114,497,Very Low
497,114,Very Low
114,614,Very High
614,114,Very High
114,644,Very Low
644,114,Very Low
114,997,Very Low
997,114,Very Low
115,187,Very Low
187,115,Very Low
115,238,Very Low
238,115,Very Low
115,320,Very Low
320,115,Very Low
115,364,Very Low
364,115,Very Low
115,615,High
615,115,High
116,290,Very Low
290,116,Very Low
116,306,Very Low
306,116,Very Low
116,447,Very Low
447,116,Very Low
116,616,Very High
616,116,Very High
116,947,Very Low
947,116,Very Low
117,617,High
617,117,High
118,286,Very Low
286,118,Very Low
118,401,Very Low
401,118,Very Low
118,403,Very Low
403,118,Very Low
118,618,Very High
618,118,Very High
118,786,Very Low
786,118,Very Low
118,903,Very Low
903,118,Very Low
119,198,Very Low
198,119,Very Low
119,246,Very Low
246,119,Very Low
119,304,Very Low
304,119,Very Low
119,339,Very Low
339,119,Very Low
119,419,Very Low
419,119,Very Low
119,440,Very Low
440,119,Very Low
119,499,Very Low
499,119,Very Low
119,619,Very High
619,119,Very High
119,698,Very Low
698,119,Very Low
119,746,Very Low
746,119,Very Low
119,804,Very Low
804,119,Very Low
119,919,Very Low
919,119,Very Low
119,999,Very Low
999,119,Very Low
120,620,Very High
620,120,Very High
121,621,Very High
621,121,Very High
122,211,Very Low
211,122,Very Low
122,271,Very Low
271,122,Very Low
122,353,Very Low
353,122,Very Low
122,622,High
622,122,High
122,711,Very Low
711,122,Very Low
122,853,Very Low
853,122,Very Low
123,606,Very Low
606,123,Very Low
123,623,High
623,123,High
124,220,Very Low
220,124,Very Low
124,624,Very High
624,124,Very High
124,720,Very Low
720,124,Very Low
125,164,Very Low
164,125,Very Low
125,337,Very Low
337,125,Very Low
125,555,Very Low
555,125,Very Low
125,625,Very High
625,125,Very High
125,664,Very Low
664,125,Very Low
126,188,Very Low
188,126,Very Low
126,260,Very Low
260,126,Very Low
126,365,Very Low
365,126,Very Low
126,451,Very Low
451,126,Very Low
126,561,Very Low
561,126,Very Low
126,626,Very High
626,126,Very High
126,865,Very Low
865,126,Very Low
126,951,Very Low
951,126,Very Low
127,225,Very Low
225,127,Very Low
127,336,Very Low
336,127,Very Low
127,439,Very Low
439,127,Very Low
127,627,Very High
627,127,Very High
128,268,Very Low
268,128,Very Low
128,367,Very Low
367,128,Very Low
128,468,Very Low
468,128,Very Low
128,628,High
628,128,High
128,867,Very Low
867,128,Very Low
128,968,Very Low
968,128,Very Low
129,156,Very Low
156,129,Very Low
129,271,Very Low
271,129,Very Low
129,283,Very Low
283,129,Very Low
129,629,Very High
629,129,Very High
129,656,Very Low
656,129,Very Low
129,771,Very Low
771,129,Very Low
129,783,Very Low
783,129,Very Low
130,189,Very Low
189,130,Very Low
130,344,Very Low
344,130,Very Low
130,630,High
630,130,High
130,689,Very Low
689,130,Very Low
131,162,Very Low
162,131,Very Low
131,236,Very Low
236,131,Very Low
131,301,Very Low
301,131,Very Low
131,355,Very Low
355,131,Very Low
131,375,Very Low
375,131,Very Low
131,377,Very Low
377,131,Very Low
131,409,Very Low
409,131,Very Low
131,496,Very Low
496,131,Very Low
131,631,Very High
631,131,Very High
131,662,Very Low
662,131,Very Low
131,736,Very Low
736,131,Very Low
131,801,Very Low
801,131,Very Low
131,855,Very Low
855,131,Very Low
131,875,Very Low
875,131,Very Low
131,996,Very Low
996,131,Very Low
132,182,Very Low
182,132,Very Low
132,441,Low
441,132,Low
132,632,High
632,132,High
132,941,Very Low
941,132,Very Low
133,571,Very Low
571,133,Very Low
133,633,High
633,133,High
134,559,Very Low
559,134,Very Low
134,634,High
634,134,High
135,424,Very Low
424,135,Very Low
135,567,Very Low
567,135,Very Low
135,635,Very High
635,135,Very High
135,924,Very Low
924,135,Very Low
136,139,Very Low
139,136,Very Low
136,161,Very Low
161,136,Very Low
136,207,Low
207,136,Low
136,259,Very Low
259,136,Very Low
136,605,Very Low
605,136,Very Low
136,636,High
636,136,High
136,639,Very Low
639,136,Very Low
136,661,Very Low
661,136,Very Low
136,707,Very Low
707,136,Very Low
136,759,Very Low
759,136,Very Low
137,538,Very Low
538,137,Very Low
137,637,High
637,137,High
138,179,Very Low
179,138,Very Low
138,427,Very Low
427,138,Very Low
138,638,High
638,138,High
138,679,Very Low
679,138,Very Low
138,927,Very Low
927,138,Very Low
139,161,Very Low
161,139,Very Low
139,207,Very Low
207,139,Very Low
139,259,Very Low
259,139,Very Low
139,297,Very Low
297,139,Very Low
139,636,Very Low
636,139,Very Low
139,639,Very High
639,139,Very High
139,661,Very Low
661,139,Very Low
139,707,Very Low
707,139,Very Low
139,759,Very Low
759,139,Very Low
140,640,High
640,140,High
141,641,High
641,141,High
142,300,Very Low
300,142,Very Low
142,494,Very Low
494,142,Very Low
142,516,Very Low
516,142,Very Low
142,565,Very Low
565,142,Very Low
142,642,High
642,142,High
142,800,Very Low
800,142,Very Low
142,994,Very Low
994,142,Very Low
143,408,Very Low
408,143,Very Low
143,643,High
643,143,High
144,497,Very Low
497,144,Very Low
144,614,Very Low
614,144,Very Low
144,644,High
644,144,High
144,997,Very Low
997,144,Very Low
145,505,Very Low
505,145,Very Low
145,645,High
645,145,High
146,164,Very Low
164,146,Very Low
146,234,Very Low
234,146,Very Low
146,646,Very High
646,146,Very High
146,664,Very Low
664,146,Very Low
147,454,Very Low
454,147,Very Low
147,647,High
647,147,High
147,954,Very Low
954,147,Very Low
148,313,Very Low
313,148,Very Low
148,368,Very Low
368,148,Very Low
148,426,Very Low
426,148,Very Low
148,605,Very Low
605,148,Very Low
148,648,High
648,148,High
148,813,Very Low
813,148,Very Low
148,868,Very Low
868,148,Very Low
148,926,Very Low
926,148,Very Low
149,214,Very Low
214,149,Very Low
149,248,Very Low
248,149,Very Low
149,251,Very Low
251,149,Very Low
149,272,Very Low
272,149,Very Low
149,322,Very Low
322,149,Very Low
149,328,Very Low
328,149,Very Low
149,649,High
649,149,High
149,714,Very Low
714,149,Very Low
149,748,Very Low
748,149,Very Low
149,822,Very Low
822,149,Very Low
149,828,Very Low
828,149,Very Low
150,201,Very Low
201,150,Very Low
150,401,Very Low
401,150,Very Low
150,468,Very Low
468,150,Very Low
150,650,High
650,150,High
150,701,Very Low
701,150,Very Low
150,901,Very Low
901,150,Very Low
150,968,Very Low
968,150,Very Low
151,154,Very Low
154,151,Very Low
151,251,Very Low
251,151,Very Low
151,337,Very Low
337,151,Very Low
151,651,High
651,151,High
151,751,Very Low
751,151,Very Low
152,242,Very Low
242,152,Very Low
152,267,Very Low
267,152,Very Low
152,350,Very Low
350,152,Very Low
152,430,Very Low
430,152,Very Low
152,463,Very Low
463,152,Very Low
152,487,Very Low
487,152,Very Low
152,652,High
652,152,High
152,742,Very Low
742,152,Very Low
152,767,Very Low
767,152,Very Low
152,850,Very Low
850,152,Very Low
152,930,Very Low
930,152,Very Low
152,963,Very Low
963,152,Very Low
152,987,Very Low
987,152,Very Low
153,243,Very Low
243,153,Very Low
153,444,Very Low
444,153,Very Low
153,653,Very High
653,153,Very High
153,743,Very Low
743,153,Very Low
154,654,Very High
654,154,Very High
155,362,Very Low
362,155,Very Low
155,655,Very High
655,155,Very High
155,862,Very Low
862,155,Very Low
156,243,Very Low
243,156,Very Low
156,271,Very Low
271,156,Very Low
156,283,Low
283,156,Low
156,353,Very Low
353,156,Very Low
156,629,Very Low
629,156,Very Low
156,656,Very High
656,156,Very High
156,771,Very Low
771,156,Very Low
156,783,Very Low
783,156,Very Low
157,657,High
657,157,High
158,273,Very Low
273,158,Very Low
158,345,Very Low
345,158,Very Low
158,658,Very High
658,158,Very High
158,773,Very Low
773,158,Very Low
158,845,Very Low
845,158,Very Low
159,659,Very High
659,159,Very High
160,373,Low
373,160,Low
160,660,High
660,160,High
161,207,Very Low
207,161,Very Low
161,259,Very Low
259,161,Very Low
161,636,Very Low
636,161,Very Low
161,639,Very Low
639,161,Very Low
161,661,Very High
661,161,Very High
161,707,Very Low
707,161,Very Low
161,759,Very Low
759,161,Very Low
162,236,Very Low
236,162,Very Low
162,301,Very Low
301,162,Very Low
162,355,Very Low
355,162,Very Low
162,375,Very Low
375,162,Very Low
162,496,Very Low
496,162,Very Low
162,631,Very Low
631,162,Very Low
162,662,High
662,162,High
162,736,Very Low
736,162,Very Low
162,801,Very Low
801,162,Very Low
162,855,Very Low
855,162,Very Low
162,875,Very Low
875,162,Very Low
162,996,Very Low
996,162,Very Low
163,416,Very Low
416,163,Very Low
163,663,Very High
663,163,Very High
164,208,Very Low
208,164,Very Low
164,235,Very Low
235,164,Very Low
164,625,Very Low
625,164,Very Low
164,646,Very Low
646,164,Very Low
164,664,Very High
664,164,Very High
165,489,Very Low
489,165,Very Low
165,586,Very Low
586,165,Very Low
165,665,High
665,165,High
165,989,Very Low
989,165,Very Low
166,272,Very Low
272,166,Very Low
166,378,Very Low
378,166,Very Low
166,384,Very Low
384,166,Very Low
166,471,Very Low
471,166,Very Low
166,513,Very Low
513,166,Very Low
166,529,Very Low
529,166,Very Low
166,563,Very Low
563,166,Very Low
166,666,Very High
666,166,Very High
166,772,Very Low
772,166,Very Low
166,878,Very Low
878,166,Very Low
166,884,Very Low
884,166,Very Low
166,971,Very Low
971,166,Very Low
167,231,Very Low
231,167,Very Low
167,374,Very Low
374,167,Very Low
167,544,Very Low
544,167,Very Low
167,576,Very Low
576,167,Very Low
167,667,Very High
667,167,Very High
167,874,Very Low
874,167,Very Low
168,405,Very Low
405,168,Very Low
168,668,High
668,168,High
168,905,Very Low
905,168,Very Low
169,669,Very High
669,169,Very High
170,670,Very High
670,170,Very High
171,332,Very Low
332,171,Very Low
171,376,Very Low
376,171,Very Low
171,558,Very Low
558,171,Very Low
171,671,High
671,171,High
171,832,Very Low
832,171,Very Low
171,876,Very Low
876,171,Very Low
172,578,Very Low
578,172,Very Low
172,672,High
672,172,High
173,289,Very Low
289,173,Very Low
173,431,Very Low
431,173,Very Low
173,673,Very High
673,173,Very High
173,789,Very Low
789,173,Very Low
173,931,Very Low
931,173,Very Low
174,674,High
674,174,High
175,675,High
675,175,High
176,233,Very Low
233,176,Very Low
176,550,Very Low
550,176,Very Low
176,676,Very High
676,176,Very High
176,733,Very Low
733,176,Very Low
177,677,High
677,177,High
178,678,High
678,178,High
179,427,Very Low
427,179,Very Low
179,638,Very Low
638,179,Very Low
179,679,Very High
679,179,Very High
179,927,Very Low
927,179,Very Low
180,329,Very Low
329,180,Very Low
180,680,High
680,180,High
180,829,Very Low
829,180,Very Low
181,193,Very Low
193,181,Very Low
181,309,Very Low
309,181,Very Low
181,383,Very Low
383,181,Very Low
181,551,Very Low
551,181,Very Low
181,681,High
681,181,High
181,693,Very Low
693,181,Very Low
181,809,Very Low
809,181,Very Low
181,883,Very Low
883,181,Very Low
182,247,Very Low
247,182,Very Low
182,323,Very Low
323,182,Very Low
182,346,Very Low
346,182,Very Low
182,441,Very Low
441,182,Very Low
182,682,High
682,182,High
182,846,Very Low
846,182,Very Low
183,225,Very Low
225,183,Very Low
183,334,Very Low
334,183,Very Low
183,683,High
683,183,High
184,210,Low
210,184,Low
184,219,Very Low
219,184,Very Low
184,363,Very Low
363,184,Very Low
184,684,Very High
684,184,Very High
184,710,Very Low
710,184,Very Low
184,719,Very Low
719,184,Very Low
185,685,High
685,185,High
186,191,Very Low
191,186,Very Low
186,307,Very Low
307,186,Very Low
186,417,Very Low
417,186,Very Low
186,511,Very Low
511,186,Very Low
186,597,Very Low
597,186,Very Low
186,686,High
686,186,High
186,691,Very Low
691,186,Very Low
186,807,Very Low
807,186,Very Low
186,917,Very Low
917,186,Very Low
187,238,Very Low
238,187,Very Low
187,357,Very Low
357,187,Very Low
187,364,Very Low
364,187,Very Low
187,687,High
687,187,High
187,857,Very Low
857,187,Very Low
188,260,Very Low
260,188,Very Low
188,369,Very Low
369,188,Very Low
188,386,Very Low
386,188,Very Low
188,561,Very Low
561,188,Very Low
188,688,High
688,188,High
188,869,Very Low
869,188,Very Low
188,886,Very Low
886,188,Very Low
189,481,Very Low
481,189,Very Low
189,630,Very Low
630,189,Very Low
189,689,Very High
689,189,Very High
189,981,Very Low
981,189,Very Low
190,277,Very Low
277,190,Very Low
190,690,High
690,190,High
190,777,Very Low
777,190,Very Low
191,307,Very Low
307,191,Very Low
191,335,Very Low
335,191,Very Low
191,417,Very Low
417,191,Very Low
191,597,Very Low
597,191,Very Low
191,686,Very Low
686,191,Very Low
191,691,High
691,191,High
191,807,Very Low
807,191,Very Low
191,917,Very Low
917,191,Very Low
192,692,Very High
692,192,Very High
193,309,Very Low
309,193,Very Low
193,319,Very Low
319,193,Very Low
193,383,Very Low
383,193,Very Low
193,551,Very Low
551,193,Very Low
193,681,Very Low
681,193,Very Low
193,693,Very High
693,193,Very High
193,809,Very Low
809,193,Very Low
193,883,Very Low
883,193,Very Low
194,221,Very Low
221,194,Very Low
194,537,Very Low
537,194,Very Low
194,694,Very High
694,194,Very High
195,695,Very High
695,195,Very High
196,266,Very Low
266,196,Very Low
196,404,Very Low
404,196,Very Low
196,495,Very Low
495,196,Very Low
196,696,High
696,196,High
196,766,Very Low
766,196,Very Low
196,904,Very Low
904,196,Very Low
196,995,Very Low
995,196,Very Low
197,520,Very Low
520,197,Very Low
197,697,High
697,197,High
198,246,Very Low
246,198,Very Low
198,304,Very Low
304,198,Very Low
198,344,Very Low
344,198,Very Low
198,419,Very Low
419,198,Very Low
198,499,Very Low
499,198,Very Low
198,619,Very Low
619,198,Very Low
198,698,Very High
698,198,Very High
198,746,Very Low
746,198,Very Low
198,804,Very Low
804,198,Very Low
198,919,Very Low
919,198,Very Low
198,999,Very Low
999,198,Very Low
199,699,High
699,199,High
200,221,Very Low
221,200,Very Low
200,262,Very Low
262,200,Very Low
200,700,High
700,200,High
200,762,Very Low
762,200,Very Low
201,401,Very Low
401,201,Very Low
201,650,Very Low
650,201,Very Low
201,701,High
701,201,High
201,901,Very Low
901,201,Very Low
202,252,Very Low
252,202,Very Low
202,309,Very Low
309,202,Very Low
202,372,Very Low
372,202,Very Low
202,474,Very Low
474,202,Very Low
202,501,Very Low
501,202,Very Low
202,585,Very Low
585,202,Very Low
202,702,High
702,202,High
202,752,Very Low
752,202,Very Low
202,872,Very Low
872,202,Very Low
202,974,Very Low
974,202,Very Low
203,703,Very High
703,203,Very High
204,342,Very Low
342,204,Very Low
204,448,Very Low
448,204,Very Low
204,530,Very Low
530,204,Very Low
204,589,Very Low
589,204,Very Low
204,704,High
704,204,High
204,842,Very Low
842,204,Very Low
204,948,Very Low
948,204,Very Low
205,349,Very Low
349,205,Very Low
205,592,Very Low
592,205,Very Low
205,705,High
705,205,High
206,419,Very Low
419,206,Very Low
206,511,Very Low
511,206,Very Low
206,539,Very Low
539,206,Very Low
206,706,High
706,206,High
207,259,Very Low
259,207,Very Low
207,636,Very Low
636,207,Very Low
207,639,Very Low
639,207,Very Low
207,661,Very Low
661,207,Very Low
207,707,High
707,207,High
207,759,Very Low
759,207,Very Low
208,235,Very Low
235,208,Very Low
208,245,Very Low
245,208,Very Low
208,301,Very Low
301,208,Very Low
208,536,Very Low
536,208,Very Low
208,708,Very High
708,208,Very High
208,745,Very Low
745,208,Very Low
209,292,Very Low
292,209,Very Low
209,458,Low
458,209,Low
209,709,Very High
709,209,Very High
209,792,Very Low
792,209,Very Low
209,958,Low
958,209,Low
210,219,Very Low
219,210,Very Low
210,363,Very Low
363,210,Very Low
210,391,Very Low
391,210,Very Low
210,684,Low
684,210,Low
210,710,Very High
710,210,Very High
210,719,Very Low
719,210,Very Low
211,353,Very Low
353,211,Very Low
211,594,Very Low
594,211,Very Low
211,622,Very Low
622,211,Very Low
211,711,High
711,211,High
211,853,Very Low
853,211,Very Low
212,343,Very Low
343,212,Very Low
212,712,Very High
712,212,Very High
213,713,Very High
713,213,Very High
214,248,Very Low
248,214,Very Low
214,289,Very Low
289,214,Very Low
214,322,Very Low
322,214,Very Low
214,328,Very Low
328,214,Very Low
214,449,Very Low
449,214,Very Low
214,649,Very Low
649,214,Very Low
214,714,Very High
714,214,Very High
214,748,Very Low
748,214,Very Low
214,822,Very Low
822,214,Very Low
214,828,Very Low
828,214,Very Low
215,415,Very Low
415,215,Very Low
215,542,Very Low
542,215,Very Low
215,715,High
715,215,High
215,915,Very Low
915,215,Very Low
216,716,High
716,216,High
217,282,Very Low
282,217,Very Low
217,384,Very Low
384,217,Very Low
217,717,Very High
717,217,Very High
217,782,Very Low
782,217,Very Low
218,320,Very Low
320,218,Very Low
218,321,Very Low
321,218,Very Low
218,345,Very Low
345,218,Very Low
218,472,Very Low
472,218,Very Low
218,604,Very Low
604,218,Very Low
218,612,Very Low
612,218,Very Low
218,718,Very High
718,218,Very High
218,820,Very Low
820,218,Very Low
218,972,Very Low
972,218,Very Low
219,684,Very Low
684,219,Very Low
219,710,Very Low
710,219,Very Low
219,719,High
719,219,High
220,624,Very Low
624,220,Very Low
220,720,High
720,220,High
221,537,Very Low
537,221,Very Low
221,721,Very High
721,221,Very High
222,343,Very Low
343,222,Very Low
222,470,Very Low
470,222,Very Low
222,722,High
722,222,High
222,843,Very Low
843,222,Very Low
222,970,Very Low
970,222,Very Low
223,234,Very Low
234,223,Very Low
223,291,Very Low
291,223,Very Low
223,296,Very Low
296,223,Very Low
223,447,Very Low
447,223,Very Low
223,483,Very Low
483,223,Very Low
223,723,Very High
723,223,Very High
223,734,Very Low
734,223,Very Low
223,791,Very Low
791,223,Very Low
223,796,Very Low
796,223,Very Low
223,983,Very Low
983,223,Very Low
224,246,Very Low
246,224,Very Low
224,423,Very Low
423,224,Very Low
224,440,Very Low
440,224,Very Low
224,724,Very High
724,224,Very High
224,923,Very Low
923,224,Very Low
224,940,Very Low
940,224,Very Low
225,418,Very Low
418,225,Very Low
225,439,Very Low
439,225,Very Low
225,456,Very Low
456,225,Very Low
225,627,Very Low
627,225,Very Low
225,725,Very High
725,225,Very High
225,918,Very Low
918,225,Very Low
225,956,Very Low
956,225,Very Low
226,358,Very Low
358,226,Very Low
226,449,Very Low
449,226,Very Low
226,473,Very Low
473,226,Very Low
226,726,High
726,226,High
226,858,Very Low
858,226,Very Low
226,949,Very Low
949,226,Very Low
226,973,Very Low
973,226,Very Low
227,452,Very Low
452,227,Very Low
227,727,Very High
727,227,Very High
227,952,Very Low
952,227,Very Low
228,411,Very Low
411,228,Very Low
228,469,Low
469,228,Low
228,728,High
728,228,High
228,911,Very Low
911,228,Very Low
228,969,Low
969,228,Low
229,391,Very Low
391,229,Very Low
229,421,Very Low
421,229,Very Low
229,424,Very Low
424,229,Very Low
229,453,Very Low
453,229,Very Low
229,468,Very Low
468,229,Very Low
229,570,Very Low
570,229,Very Low
229,729,High
729,229,High
229,891,Very Low
891,229,Very Low
229,921,Very Low
921,229,Very Low
229,953,Very Low
953,229,Very Low
229,968,Very Low
968,229,Very Low
230,730,High
730,230,High
231,250,Very Low
250,231,Very Low
231,731,Very High
731,231,Very High
231,750,Very Low
750,231,Very Low
232,439,Very Low
439,232,Very Low
232,732,Very High
732,232,Very High
232,939,Very Low
939,232,Very Low
233,550,Very Low
550,233,Very Low
233,676,Very Low
676,233,Very Low
233,733,High
733,233,High
234,296,Very Low
296,234,Very Low
234,483,Very Low
483,234,Very Low
234,723,Very Low
723,234,Very Low
234,734,High
734,234,High
234,796,Very Low
796,234,Very Low
234,983,Very Low
983,234,Very Low
235,735,Very High
735,235,Very High
236,301,Very Low
301,236,Very Low
236,355,Very Low
355,236,Very Low
236,375,Very Low
375,236,Very Low
236,496,Very Low
496,236,Very Low
236,631,Very Low
631,236,Very Low
236,662,Very Low
662,236,Very Low
236,736,High
736,236,High
236,801,Very Low
801,236,Very Low
236,855,Very Low
855,236,Very Low
236,875,Very Low
875,236,Very Low
236,996,Very Low
996,236,Very Low
237,737,Very High
737,237,Very High
238,364,Very Low
364,238,Very Low
238,738,High
738,238,High
239,306,Very Low
306,239,Very Low
239,419,Very Low
419,239,Very Low
239,739,Very High
739,239,Very High
240,583,Very Low
583,240,Very Low
240,740,High
740,240,High
241,498,Very Low
498,241,Very Low
241,741,High
741,241,High
241,998,Very Low
998,241,Very Low
242,267,Very Low
267,242,Very Low
242,350,Very Low
350,242,Very Low
242,430,Very Low
430,242,Very Low
242,463,Very Low
463,242,Very Low
242,487,Very Low
487,242,Very Low
242,652,Very Low
652,242,Very Low
242,742,Very High
742,242,Very High
242,767,Very Low
767,242,Very Low
242,850,Very Low
850,242,Very Low
242,930,Very Low
930,242,Very Low
242,963,Very Low
963,242,Very Low
242,987,Very Low
987,242,Very Low
243,353,Very Low
353,243,Very Low
243,653,Very Low
653,243,Very Low
243,743,High
743,243,High
244,311,Very Low
311,244,Very Low
244,318,Very Low
318,244,Very Low
244,513,Very Low
513,244,Very Low
244,608,Very Low
608,244,Very Low
244,744,High
744,244,High
244,811,Very Low
811,244,Very Low
244,818,Very Low
818,244,Very Low
245,536,Very Low
536,245,Very Low
245,708,Very Low
708,245,Very Low
245,745,High
745,245,High
246,304,Very Low
304,246,Very Low
246,419,Very Low
419,246,Very Low
246,499,Very Low
499,246,Very Low
246,529,Very Low
529,246,Very Low
246,551,Very Low
551,246,Very Low
246,619,Very Low
619,246,Very Low
246,698,Very Low
698,246,Very Low
246,746,Very High
746,246,Very High
246,804,Very Low
804,246,Very Low
246,919,Very Low
919,246,Very Low
246,999,Very Low
999,246,Very Low
247,323,Low
323,247,Low
247,324,Very Low
324,247,Very Low
247,350,Very Low
350,247,Very Low
247,414,Very Low
414,247,Very Low
247,682,Very Low
682,247,Very Low
247,747,Very High
747,247,Very High
247,823,Very Low
823,247,Very Low
247,824,Very Low
824,247,Very Low
247,914,Very Low
914,247,Very Low
248,322,Very Low
322,248,Very Low
248,328,Very Low
328,248,Very Low
248,354,Very Low
354,248,Very Low
248,649,Very Low
649,248,Very Low
248,714,Very Low
714,248,Very Low
248,748,Very High
748,248,Very High
248,822,Very Low
822,248,Very Low
248,828,Very Low
828,248,Very Low
249,340,Low
340,249,Low
249,410,Very Low
410,249,Very Low
249,749,High
749,249,High
249,840,Very Low
840,249,Very Low
249,910,Very Low
910,249,Very Low
250,362,Very Low
362,250,Very Low
250,396,Very Low
396,250,Very Low
250,731,Very Low
731,250,Very Low
250,750,Very High
750,250,Very High
251,272,Very Low
272,251,Very Low
251,327,Very Low
327,251,Very Low
251,649,Very Low
649,251,Very Low
251,651,Very Low
651,251,Very Low
251,751,High
751,251,High
252,372,Very Low
372,252,Very Low
252,474,Very Low
474,252,Very Low
252,501,Very Low
501,252,Very Low
252,585,Very Low
585,252,Very Low
252,702,Very Low
702,252,Very Low
252,752,High
752,252,High
252,872,Very Low
872,252,Very Low
252,974,Very Low
974,252,Very Low
253,509,Very Low
509,253,Very Low
253,753,Very High
753,253,Very High
254,575,Very Low
575,254,Very Low
254,754,High
754,254,High
255,330,Very Low
330,255,Very Low
255,577,Very Low
577,255,Very Low
255,755,High
755,255,High
255,830,Very Low
830,255,Very Low
256,280,Low
280,256,Low
256,756,High
756,256,High
256,780,Very Low
780,256,Very Low
257,757,High
757,257,High
258,758,Very High
758,258,Very High
259,402,Very Low
402,259,Very Low
259,636,Very Low
636,259,Very Low
259,639,Very Low
639,259,Very Low
259,661,Very Low
661,259,Very Low
259,707,Very Low
707,259,Very Low
259,759,Very High
759,259,Very High
260,561,Very Low
561,260,Very Low
260,760,Very High
760,260,Very High
261,304,Very Low
304,261,Very Low
261,315,Very Low
315,261,Very Low
261,547,Very Low
547,261,Very Low
261,761,High
761,261,High
262,700,Very Low
700,262,Very Low
262,762,Very High
762,262,Very High
263,274,Very Low
274,263,Very Low
263,461,Very Low
461,263,Very Low
263,483,Very Low
483,263,Very Low
263,607,Very Low
607,263,Very Low
263,763,Very High
763,263,Very High
263,774,Very Low
774,263,Very Low
263,961,Very Low
961,263,Very Low
263,983,Very Low
983,263,Very Low
264,302,Very Low
302,264,Very Low
264,315,Very Low
315,264,Very Low
264,548,Very Low
548,264,Very Low
264,764,High
764,264,High
264,802,Very Low
802,264,Very Low
264,815,Very Low
815,264,Very Low
265,451,Very Low
451,265,Very Low
265,765,Very High
765,265,Very High
265,951,Very Low
951,265,Very Low
266,376,Very Low
376,266,Very Low
266,404,Very Low
404,266,Very Low
266,495,Very Low
495,266,Very Low
266,696,Very Low
696,266,Very Low
266,766,High
766,266,High
266,904,Very Low
904,266,Very Low
266,995,Very Low
995,266,Very Low
267,350,Very Low
350,267,Very Low
267,430,Very Low
430,267,Very Low
267,443,Very Low
443,267,Very Low
267,463,Very Low
463,267,Very Low
267,487,Very Low
487,267,Very Low
267,652,Very Low
652,267,Very Low
267,742,Very Low
742,267,Very Low
267,767,Very High
767,267,Very High
267,850,Very Low
850,267,Very Low
267,930,Very Low
930,267,Very Low
267,963,Very Low
963,267,Very Low
267,987,Very Low
987,267,Very Low
268,325,Very Low
325,268,Very Low
268,467,Very Low
467,268,Very Low
268,587,Very Low
587,268,Very Low
268,595,Very Low
595,268,Very Low
268,628,Very Low
628,268,Very Low
268,768,High
768,268,High
268,825,Very Low
825,268,Very Low
268,967,Very Low
967,268,Very Low
269,769,High
769,269,High
270,770,Very High
770,270,Very High
271,283,Very Low
283,271,Very Low
271,629,Very Low
629,271,Very Low
271,656,Very Low
656,271,Very Low
271,771,High
771,271,High
271,783,Very Low
783,271,Very Low
272,378,Very Low
378,272,Very Low
272,384,Very Low
384,272,Very Low
272,471,Very Low
471,272,Very Low
272,529,Very Low
529,272,Very Low
272,563,Very Low
563,272,Very Low
272,649,Very Low
649,272,Very Low
272,666,Very Low
666,272,Very Low
272,772,High
772,272,High
272,878,Very Low
878,272,Very Low
272,884,Very Low
884,272,Very Low
272,971,Very Low
971,272,Very Low
273,345,Very Low
345,273,Very Low
273,658,Very Low
658,273,Very Low
273,773,High
773,273,High
273,845,Very Low
845,273,Very Low
274,570,Very Low
570,274,Very Low
274,607,Very Low
607,274,Very Low
274,763,Very Low
763,274,Very Low
274,774,High
774,274,High
275,546,Very Low
546,275,Very Low
275,775,Very High
775,275,Very High
276,379,Very Low
379,276,Very Low
276,432,Very Low
432,276,Very Low
276,776,High
776,276,High
277,565,Very Low
565,277,Very Low
277,690,Very Low
690,277,Very Low
277,777,High
777,277,High
278,291,Very Low
291,278,Very Low
278,778,Very High
778,278,Very High
278,791,Very Low
791,278,Very Low
279,779,High
779,279,High
280,756,Very Low
756,280,Very Low
280,780,High
780,280,High
281,362,Very Low
362,281,Very Low
281,459,Very Low
459,281,Very Low
281,781,Very High
781,281,Very High
281,862,Very Low
862,281,Very Low
281,959,Very Low
959,281,Very Low
282,717,Very Low
717,282,Very Low
282,782,Very High
782,282,Very High
283,629,Very Low
629,283,Very Low
283,656,Low
656,283,Low
283,771,Very Low
771,283,Very Low
283,783,High
783,283,High
284,784,High
784,284,High
285,331,Very Low
331,285,Very Low
285,341,Very Low
341,285,Very Low
285,601,Very Low
601,285,Very Low
285,785,High
785,285,High
285,831,Very Low
831,285,Very Low
285,841,Very Low
841,285,Very Low
286,403,Very Low
403,286,Very Low
286,618,Very Low
618,286,Very Low
286,786,Very High
786,286,Very High
286,903,Very Low
903,286,Very Low
287,487,Very Low
487,287,Very Low
287,787,Very High
787,287,Very High
287,987,Very Low
987,287,Very Low
288,407,Very Low
407,288,Very Low
288,788,High
788,288,High
288,907,Very Low
907,288,Very Low
289,431,Very Low
431,289,Very Low
289,449,Very Low
449,289,Very Low
289,673,Very Low
673,289,Very Low
289,789,Very High
789,289,Very High
289,931,Very Low
931,289,Very Low
290,306,Very Low
306,290,Very Low
290,516,Very Low
516,290,Very Low
290,616,Very Low
616,290,Very Low
290,790,Very High
790,290,Very High
291,723,Very Low
723,291,Very Low
291,778,Very Low
778,291,Very Low
291,791,Very High
791,291,Very High
292,458,Very Low
458,292,Very Low
292,709,Very Low
709,292,Very Low
292,792,High
792,292,High
292,958,Very Low
958,292,Very Low
293,412,Very Low
412,293,Very Low
293,554,Very Low
554,293,Very Low
293,793,Very High
793,293,Very High
294,382,Very Low
382,294,Very Low
294,794,High
794,294,High
294,882,Very Low
882,294,Very Low
295,387,Very Low
387,295,Very Low
295,795,Very High
795,295,Very High
295,887,Very Low
887,295,Very Low
296,450,Very Low
450,296,Very Low
296,483,Very Low
483,296,Very Low
296,723,Very Low
723,296,Very Low
296,734,Very Low
734,296,Very Low
296,796,High
796,296,High
296,950,Very Low
950,296,Very Low
296,983,Very Low
983,296,Very Low
297,602,Very Low
602,297,Very Low
297,639,Very Low
639,297,Very Low
297,797,High
797,297,High
298,455,Very Low
455,298,Very Low
298,798,High
798,298,High
298,955,Very Low
955,298,Very Low
299,531,Very Low
531,299,Very Low
299,799,Very High
799,299,Very High
300,494,Low
494,300,Low
300,497,Very Low
497,300,Very Low
300,516,Very Low
516,300,Very Low
300,565,Very Low
565,300,Very Low
300,642,Very Low
642,300,Very Low
300,800,High
800,300,High
300,994,Low
994,300,Low
300,997,Very Low
997,300,Very Low
301,355,Very Low
355,301,Very Low
301,375,Low
375,301,Low
301,496,Very Low
496,301,Very Low
301,631,Very Low
631,301,Very Low
301,662,Very Low
662,301,Very Low
301,736,Very Low
736,301,Very Low
301,801,High
801,301,High
301,855,Very Low
855,301,Very Low
301,875,Very Low
875,301,Very Low
301,996,Very Low
996,301,Very Low
302,315,Very Low
315,302,Very Low
302,764,Very Low
764,302,Very Low
302,802,High
802,302,High
302,815,Very Low
815,302,Very Low
303,443,Very Low
443,303,Very Low
303,569,Very Low
569,303,Very Low
303,803,Very High
803,303,Very High
303,943,Very Low
943,303,Very Low
304,419,Very Low
419,304,Very Low
304,499,Very Low
499,304,Very Low
304,563,Very Low
563,304,Very Low
304,619,Very Low
619,304,Very Low
304,698,Very Low
698,304,Very Low
304,746,Very Low
746,304,Very Low
304,804,Very High
804,304,Very High
304,919,Very Low
919,304,Very Low
304,999,Very Low
999,304,Very Low
305,381,Very Low
381,305,Very Low
305,805,Very High
805,305,Very High
306,525,Very Low
525,306,Very Low
306,616,Very Low
616,306,Very Low
306,806,High
806,306,High
307,383,Very Low
383,307,Very Low
307,417,Very Low
417,307,Very Low
307,421,Very Low
421,307,Very Low
307,597,Very Low
597,307,Very Low
307,686,Very Low
686,307,Very Low
307,691,Very Low
691,307,Very Low
307,807,High
807,307,High
307,917,Very Low
917,307,Very Low
308,808,Very High
808,308,Very High
309,383,Very Low
383,309,Very Low
309,551,Very Low
551,309,Very Low
309,681,Very Low
681,309,Very Low
309,693,Very Low
693,309,Very Low
309,809,High
809,309,High
309,883,Very Low
883,309,Very Low
310,502,Very Low
502,310,Very Low
310,810,High
810,310,High
311,318,Very Low
318,311,Very Low
311,513,Very Low
513,311,Very Low
311,608,Very Low
608,311,Very Low
311,744,Very Low
744,311,Very Low
311,811,High
811,311,High
311,818,Very Low
818,311,Very Low
312,460,Very Low
460,312,Very Low
312,609,Very Low
609,312,Very Low
312,812,High
812,312,High
312,960,Very Low
960,312,Very Low
313,368,Very Low
368,313,Very Low
313,426,Very Low
426,313,Very Low
313,428,Very Low
428,313,Very Low
313,605,Very Low
605,313,Very Low
313,648,Very Low
648,313,Very Low
313,813,High
813,313,High
313,868,Very Low
868,313,Very Low
313,926,Very Low
926,313,Very Low
314,490,Very Low
490,314,Very Low
314,814,High
814,314,High
314,990,Very Low
990,314,Very Low
315,764,Very Low
764,315,Very Low
315,802,Very Low
802,315,Very Low
315,815,High
815,315,High
316,457,Very Low
457,316,Very Low
316,597,Very Low
597,316,Very Low
316,816,Very High
816,316,Very High
316,957,Very Low
957,316,Very Low
317,461,Very Low
461,317,Very Low
317,512,Very Low
512,317,Very Low
317,817,High
817,317,High
317,961,Very Low
961,317,Very Low
318,365,Very Low
365,318,Very Low
318,513,Very Low
513,318,Very Low
318,539,Very Low
539,318,Very Low
318,608,Very Low
608,318,Very Low
318,744,Very Low
744,318,Very Low
318,811,Very Low
811,318,Very Low
318,818,High
818,318,High
319,433,Very Low
433,319,Very Low
319,534,Very Low
534,319,Very Low
319,693,Very Low
693,319,Very Low
319,819,Very High
819,319,Very High
319,933,Very Low
933,319,Very Low
320,472,Very Low
472,320,Very Low
320,483,Very Low
483,320,Very Low
320,604,Very Low
604,320,Very Low
320,612,Very Low
612,320,Very Low
320,615,Very Low
615,320,Very Low
320,718,Very Low
718,320,Very Low
320,820,High
820,320,High
320,972,Very Low
972,320,Very Low
320,983,Very Low
983,320,Very Low
321,821,High
821,321,High
322,328,Very Low
328,322,Very Low
322,649,Very Low
649,322,Very Low
322,714,Very Low
714,322,Very Low
322,748,Very Low
748,322,Very Low
322,822,High
822,322,High
322,828,Very Low
828,322,Very Low
323,324,Very Low
324,323,Very Low
323,414,Very Low
414,323,Very Low
323,682,Very Low
682,323,Very Low
323,747,Very Low
747,323,Very Low
323,823,Very High
823,323,Very High
323,824,Very Low
824,323,Very Low
323,914,Very Low
914,323,Very Low
324,414,Very Low
414,324,Very Low
324,747,Very Low
747,324,Very Low
324,823,Very Low
823,324,Very Low
324,824,High
824,324,High
324,914,Very Low
914,324,Very Low
325,467,Very Low
467,325,Very Low
325,587,Very Low
587,325,Very Low
325,595,Very Low
595,325,Very Low
325,608,Very Low
608,325,Very Low
325,768,Very Low
768,325,Very Low
325,825,High
825,325,High
325,967,Very Low
967,325,Very Low
326,826,High
826,326,High
327,827,High
827,327,High
328,649,Very Low
649,328,Very Low
328,714,Very Low
714,328,Very Low
328,748,Very Low
748,328,Very Low
328,822,Very Low
822,328,Very Low
328,828,High
828,328,High
329,680,Very Low
680,329,Very Low
329,829,High
829,329,High
330,459,Very Low
459,330,Very Low
330,755,Very Low
755,330,Very Low
330,830,Very High
830,330,Very High
330,959,Very Low
959,330,Very Low
331,341,Very Low
341,331,Very Low
331,601,Very Low
601,331,Very Low
331,785,Very Low
785,331,Very Low
331,831,Very High
831,331,Very High
331,841,Very Low
841,331,Very Low
332,376,Very Low
376,332,Very Low
332,558,Very Low
558,332,Very Low
332,671,Very Low
671,332,Very Low
332,832,High
832,332,High
332,876,Very Low
876,332,Very Low
333,388,Very Low
388,333,Very Low
333,833,High
833,333,High
334,388,Very Low
388,334,Very Low
334,683,Very Low
683,334,Very Low
334,834,Very High
834,334,Very High
335,528,Very Low
528,335,Very Low
335,691,Very Low
691,335,Very Low
335,835,High
835,335,High
336,836,High
836,336,High
337,555,Very Low
555,337,Very Low
337,651,Very Low
651,337,Very Low
337,837,High
837,337,High
338,434,Very Low
434,338,Very Low
338,838,High
838,338,High
339,457,Very Low
457,339,Very Low
339,839,High
839,339,High
339,957,Very Low
957,339,Very Low
340,410,Very Low
410,340,Very Low
340,749,Very Low
749,340,Very Low
340,840,Very High
840,340,Very High
340,910,Very Low
910,340,Very Low
341,601,Very Low
601,341,Very Low
341,785,Very Low
785,341,Very Low
341,831,Very Low
831,341,Very Low
341,841,Very High
841,341,Very High
342,448,Very Low
448,342,Very Low
342,530,Very Low
530,342,Very Low
342,589,Very Low
589,342,Very Low
342,704,Very Low
704,342,Very Low
342,842,Very High
842,342,Very High
342,948,Very Low
948,342,Very Low
343,470,Very Low
470,343,Very Low
343,722,Very Low
722,343,Very Low
343,843,Very High
843,343,Very High
343,970,Very Low
970,343,Very Low
344,506,Very Low
506,344,Very Low
344,698,Very Low
698,344,Very Low
344,844,High
844,344,High
345,411,Very Low
411,345,Very Low
345,591,Very Low
591,345,Very Low
345,658,Very Low
658,345,Very Low
345,773,Very Low
773,345,Very Low
345,845,Very High
845,345,Very High
346,682,Very Low
682,346,Very Low
346,846,High
846,346,High
347,600,Very Low
600,347,Very Low
347,847,Very High
847,347,Very High
348,373,Very Low
373,348,Very Low
348,848,High
848,348,High
348,873,Very Low
873,348,Very Low
349,592,Very Low
592,349,Very Low
349,849,High
849,349,High
350,430,Very Low
430,350,Very Low
350,463,Very Low
463,350,Very Low
350,487,Very Low
487,350,Very Low
350,652,Very Low
652,350,Very Low
350,742,Very Low
742,350,Very Low
350,767,Very Low
767,350,Very Low
350,850,Very High
850,350,Very High
350,930,Very Low
930,350,Very Low
350,963,Very Low
963,350,Very Low
350,987,Very Low
987,350,Very Low
351,436,Very Low
436,351,Very Low
351,851,High
851,351,High
351,936,Very Low
936,351,Very Low
352,852,High
852,352,High
353,622,Very Low
622,353,Very Low
353,711,Very Low
711,353,Very Low
353,853,Very High
853,353,Very High
354,854,Very High
854,354,Very High
355,375,Very Low
375,355,Very Low
355,496,Very Low
496,355,Very Low
355,631,Very Low
631,355,Very Low
355,662,Very Low
662,355,Very Low
355,736,Very Low
736,355,Very Low
355,801,Very Low
801,355,Very Low
355,855,Very High
855,355,Very High
355,875,Very Low
875,355,Very Low
355,996,Very Low
996,355,Very Low
356,385,Very Low
385,356,Very Low
356,856,High
856,356,High
357,687,Very Low
687,357,Very Low
357,857,Very High
857,357,Very High
358,449,Very Low
449,358,Very Low
358,473,Very Low
473,358,Very Low
358,493,Very Low
493,358,Very Low
358,726,Very Low
726,358,Very Low
358,858,High
858,358,High
358,949,Very Low
949,358,Very Low
358,973,Very Low
973,358,Very Low
358,993,Very Low
993,358,Very Low
359,859,High
859,359,High
360,395,Very Low
395,360,Very Low
360,416,Low
416,360,Low
360,860,High
860,360,High
360,916,Very Low
916,360,Very Low
361,444,Very Low
444,361,Very Low
361,861,Very High
861,361,Very High
361,944,Very Low
944,361,Very Low
362,459,Very Low
459,362,Very Low
362,655,Very Low
655,362,Very Low
362,781,Very Low
781,362,Very Low
362,862,Very High
862,362,Very High
362,959,Very Low
959,362,Very Low
363,369,Very Low
369,363,Very Low
363,684,Very Low
684,363,Very Low
363,863,High
863,363,High
364,435,Very Low
435,364,Very Low
364,500,Very Low
500,364,Very Low
364,864,High
864,364,High
364,1000,Very Low
1000,364,Very Low
364,1001,Very Low
1001,364,Very Low
365,451,Very Low
451,365,Very Low
365,626,Very Low
626,365,Very Low
365,865,Very High
865,365,Very High
365,951,Very Low
951,365,Very Low
366,866,High
866,366,High
367,628,Very Low
628,367,Very Low
367,867,High
867,367,High
368,426,Very Low
426,368,Very Low
368,520,Very Low
520,368,Very Low
368,605,Very Low
605,368,Very Low
368,648,Very Low
648,368,Very Low
368,813,Very Low
813,368,Very Low
368,868,High
868,368,High
368,926,Very Low
926,368,Very Low
369,386,Very Low
386,369,Very Low
369,688,Very Low
688,369,Very Low
369,869,Very High
869,369,Very High
369,886,Very Low
886,369,Very Low
370,377,Very Low
377,370,Very Low
370,380,Very Low
380,370,Very Low
370,413,Very Low
413,370,Very Low
370,603,Very Low
603,370,Very Low
370,870,High
870,370,High
370,877,Very Low
877,370,Very Low
370,880,Very Low
880,370,Very Low
371,462,Very Low
462,371,Very Low
371,871,Very High
871,371,Very High
371,962,Very Low
962,371,Very Low
372,474,Very Low
474,372,Very Low
372,501,Very Low
501,372,Very Low
372,585,Very Low
585,372,Very Low
372,702,Very Low
702,372,Very Low
372,752,Very Low
752,372,Very Low
372,872,High
872,372,High
372,974,Very Low
974,372,Very Low
373,848,Very Low
848,373,Very Low
373,873,High
873,373,High
374,544,Very Low
544,374,Very Low
374,576,Very Low
576,374,Very Low
374,667,Very Low
667,374,Very Low
374,874,Very High
874,374,Very High
375,496,Very Low
496,375,Very Low
375,631,Very Low
631,375,Very Low
375,662,Very Low
662,375,Very Low
375,736,Very Low
736,375,Very Low
375,801,Very Low
801,375,Very Low
375,855,Very Low
855,375,Very Low
375,875,High
875,375,High
375,996,Very Low
996,375,Very Low
376,558,Very Low
558,376,Very Low
376,671,Very Low
671,376,Very Low
376,832,Very Low
832,376,Very Low
376,876,Very High
876,376,Very High
377,380,Very Low
380,377,Very Low
377,409,Very Low
409,377,Very Low
377,603,Very Low
603,377,Very Low
377,870,Very Low
870,377,Very Low
377,877,High
877,377,High
377,880,Very Low
880,377,Very Low
378,384,Very Low
384,378,Very Low
378,471,Very Low
471,378,Very Low
378,529,Very Low
529,378,Very Low
378,563,Very Low
563,378,Very Low
378,666,Very Low
666,378,Very Low
378,772,Very Low
772,378,Very Low
378,878,High
878,378,High
378,884,Very Low
884,378,Very Low
378,971,Very Low
971,378,Very Low
379,482,Very Low
482,379,Very Low
379,521,Very Low
521,379,Very Low
379,879,High
879,379,High
379,982,Very Low
982,379,Very Low
380,603,Very Low
603,380,Very Low
380,870,Very Low
870,380,Very Low
380,877,Very Low
877,380,Very Low
380,880,Very High
880,380,Very High
381,611,Very Low
611,381,Very Low
381,881,Very High
881,381,Very High
382,794,Very Low
794,382,Very Low
382,882,High
882,382,High
383,551,Very Low
551,383,Very Low
383,681,Very Low
681,383,Very Low
383,693,Very Low
693,383,Very Low
383,809,Very Low
809,383,Very Low
383,883,High
883,383,High
384,470,Very Low
470,384,Very Low
384,471,Very Low
471,384,Very Low
384,529,Very Low
529,384,Very Low
384,563,Very Low
563,384,Very Low
384,666,Very Low
666,384,Very Low
384,772,Very Low
772,384,Very Low
384,878,Very Low
878,384,Very Low
384,884,Very High
884,384,Very High
384,970,Very Low
970,384,Very Low
384,971,Very Low
971,384,Very Low
385,885,Very High
885,385,Very High
386,603,Very Low
603,386,Very Low
386,688,Very Low
688,386,Very Low
386,869,Very Low
869,386,Very Low
386,886,Very High
886,386,Very High
387,795,Very Low
795,387,Very Low
387,887,High
887,387,High
388,888,High
888,388,High
389,889,Very High
889,389,Very High
390,515,Very Low
515,390,Very Low
390,890,High
890,390,High
391,421,Very Low
421,391,Very Low
391,453,Very Low
453,391,Very Low
391,468,Very Low
468,391,Very Low
391,570,Very Low
570,391,Very Low
391,729,Very Low
729,391,Very Low
391,891,High
891,391,High
391,921,Very Low
921,391,Very Low
391,953,Very Low
953,391,Very Low
391,968,Very Low
968,391,Very Low
392,579,Very Low
579,392,Very Low
392,892,High
892,392,High
393,461,Very Low
461,393,Very Low
393,484,Very Low
484,393,Very Low
393,893,Very High
893,393,Very High
393,961,Very Low
961,393,Very Low
393,984,Very Low
984,393,Very Low
394,894,High
894,394,High
395,416,Very Low
416,395,Very Low
395,895,Very High
895,395,Very High
396,399,Very Low
399,396,Very Low
396,429,Very Low
429,396,Very Low
396,896,High
896,396,High
396,899,Very Low
899,396,Very Low
396,929,Very Low
929,396,Very Low
397,486,Very Low
486,397,Very Low
397,539,Very Low
539,397,Very Low
397,897,High
897,397,High
397,986,Very Low
986,397,Very Low
398,504,Very Low
504,398,Very Low
398,898,High
898,398,High
399,429,Very Low
429,399,Very Low
399,896,Very Low
896,399,Very Low
399,899,High
899,399,High
399,929,Very Low
929,399,Very Low
400,425,Very Low
425,400,Very Low
400,556,Very Low
556,400,Very Low
400,900,Very Low
900,400,Very Low
400,925,Very Low
925,400,Very Low
401,650,Very Low
650,401,Very Low
401,701,Very Low
701,401,Very Low
401,901,Very Low
901,401,Very Low
402,902,Very Low
902,402,Very Low
403,618,Very Low
618,403,Very Low
403,786,Very Low
786,403,Very Low
403,903,Very Low
903,403,Very Low
404,495,Very Low
495,404,Very Low
404,604,Very Low
604,404,Very Low
404,696,Very Low
696,404,Very Low
404,766,Very Low
766,404,Very Low
404,904,Very Low
904,404,Very Low
404,995,Very Low
995,404,Very Low
405,518,Very Low
518,405,Very Low
405,668,Very Low
668,405,Very Low
405,905,Very Low
905,405,Very Low
406,906,Very Low
906,406,Very Low
407,788,Very Low
788,407,Very Low
407,907,Very Low
907,407,Very Low
408,908,Very Low
908,408,Very Low
409,564,Very Low
564,409,Very Low
409,588,Very Low
588,409,Very Low
409,613,Very Low
613,409,Very Low
409,909,Very Low
909,409,Very Low
410,749,Very Low
749,410,Very Low
410,840,Very Low
840,410,Very Low
410,910,Very Low
910,410,Very Low
411,467,Very Low
467,411,Very Low
411,469,Very Low
469,411,Very Low
411,728,Very Low
728,411,Very Low
411,911,Very Low
911,411,Very Low
411,969,Very Low
969,411,Very Low
412,452,Very Low
452,412,Very Low
412,514,Very Low
514,412,Very Low
412,912,Medium
912,412,Medium
412,952,Very Low
952,412,Very Low
413,478,Very Low
478,413,Very Low
413,582,Very Low
582,413,Very Low
413,913,Medium
913,413,Medium
413,978,Very Low
978,413,Very Low
414,747,Very Low
747,414,Very Low
414,823,Very Low
823,414,Very Low
414,824,Very Low
824,414,Very Low
414,914,Medium
914,414,Medium
415,542,Very Low
542,415,Very Low
415,715,Very Low
715,415,Very Low
415,915,Very Low
915,415,Very Low
416,663,Very Low
663,416,Very Low
416,860,Very Low
860,416,Very Low
416,916,Very Low
916,416,Very Low
417,597,Very Low
597,417,Very Low
417,686,Very Low
686,417,Very Low
417,691,Very Low
691,417,Very Low
417,807,Very Low
807,417,Very Low
417,917,Very Low
917,417,Very Low
418,456,Very Low
456,418,Very Low
418,462,Very Low
462,418,Very Low
418,725,Very Low
725,418,Very Low
418,918,Medium
918,418,Medium
418,956,Very Low
956,418,Very Low
418,962,Very Low
962,418,Very Low
419,499,Very Low
499,419,Very Low
419,619,Very Low
619,419,Very Low
419,698,Very Low
698,419,Very Low
419,746,Very Low
746,419,Very Low
419,804,Very Low
804,419,Very Low
419,919,Very Low
919,419,Very Low
419,999,Very Low
999,419,Very Low
420,476,Very Low
476,420,Very Low
420,586,Very Low
586,420,Very Low
420,920,Very Low
920,420,Very Low
420,976,Very Low
976,420,Very Low
421,453,Very Low
453,421,Very Low
421,468,Very Low
468,421,Very Low
421,570,Very Low
570,421,Very Low
421,583,Very Low
583,421,Very Low
421,729,Very Low
729,421,Very Low
421,891,Very Low
891,421,Very Low
421,921,Medium
921,421,Medium
421,953,Very Low
953,421,Very Low
421,968,Very Low
968,421,Very Low
422,517,Very Low
517,422,Very Low
422,922,Very Low
922,422,Very Low
423,440,Very Low
440,423,Very Low
423,724,Very Low
724,423,Very Low
423,923,Very Low
923,423,Very Low
423,940,Very Low
940,423,Very Low
424,567,Very Low
567,424,Very Low
424,635,Very Low
635,424,Very Low
424,924,Very Low
924,424,Very Low
425,490,Very Low
490,425,Very Low
425,556,Very Low
556,425,Very Low
425,900,Very Low
900,425,Very Low
425,925,Very Low
925,425,Very Low
425,990,Very Low
990,425,Very Low
426,433,Very Low
433,426,Very Low
426,605,Very Low
605,426,Very Low
426,648,Very Low
648,426,Very Low
426,813,Very Low
813,426,Very Low
426,868,Very Low
868,426,Very Low
426,926,Very Low
926,426,Very Low
427,638,Very Low
638,427,Very Low
427,679,Very Low
679,427,Very Low
427,927,Very Low
927,427,Very Low
428,606,Very Low
606,428,Very Low
428,928,Very Low
928,428,Very Low
429,896,Very Low
896,429,Very Low
429,899,Very Low
899,429,Very Low
429,929,Very Low
929,429,Very Low
430,463,Very Low
463,430,Very Low
430,487,Very Low
487,430,Very Low
430,652,Very Low
652,430,Very Low
430,742,Very Low
742,430,Very Low
430,767,Very Low
767,430,Very Low
430,850,Very Low
850,430,Very Low
430,930,Very Low
930,430,Very Low
430,963,Very Low
963,430,Very Low
430,987,Very Low
987,430,Very Low
431,673,Very Low
673,431,Very Low
431,789,Very Low
789,431,Very Low
431,931,Very Low
931,431,Very Low
432,465,Very Low
465,432,Very Low
432,932,Medium
932,432,Medium
432,965,Very Low
965,432,Very Low
433,534,Very Low
534,433,Very Low
433,819,Very Low
819,433,Very Low
433,933,Very Low
933,433,Very Low
434,934,Very Low
934,434,Very Low
435,546,Very Low
546,435,Very Low
435,935,Very Low
935,435,Very Low
436,571,Very Low
571,436,Very Low
436,851,Very Low
851,436,Very Low
436,936,Very Low
936,436,Very Low
437,937,Very Low
937,437,Very Low
438,938,Medium
938,438,Medium
439,627,Very Low
627,439,Very Low
439,732,Very Low
732,439,Very Low
439,939,Very Low
939,439,Very Low
440,505,Very Low
505,440,Very Low
440,619,Very Low
619,440,Very Low
440,724,Very Low
724,440,Very Low
440,923,Very Low
923,440,Very Low
440,940,Medium
940,440,Medium
441,632,Very Low
632,441,Very Low
441,941,Very Low
941,441,Very Low
442,527,Very Low
527,442,Very Low
442,942,Very Low
942,442,Very Low
443,569,Very Low
569,443,Very Low
443,803,Very Low
803,443,Very Low
443,943,Very Low
943,443,Very Low
444,861,Very Low
861,444,Very Low
444,944,Very Low
944,444,Very Low
445,945,Very Low
945,445,Very Low
446,946,Very Low
946,446,Very Low
447,616,Very Low
616,447,Very Low
447,947,Medium
947,447,Medium
448,530,Very Low
530,448,Very Low
448,589,Very Low
589,448,Very Low
448,704,Very Low
704,448,Very Low
448,842,Very Low
842,448,Very Low
448,948,Very Low
948,448,Very Low
449,473,Very Low
473,449,Very Low
449,726,Very Low
726,449,Very Low
449,858,Very Low
858,449,Very Low
449,949,Very Low
949,449,Very Low
449,973,Very Low
973,449,Very Low
450,950,Medium
950,450,Medium
451,626,Very Low
626,451,Very Low
451,865,Very Low
865,451,Very Low
451,951,High
951,451,High
452,514,Very Low
514,452,Very Low
452,912,Very Low
912,452,Very Low
452,952,Medium
952,452,Medium
453,468,Very Low
468,453,Very Low
453,570,Very Low
570,453,Very Low
453,729,Very Low
729,453,Very Low
453,891,Very Low
891,453,Very Low
453,921,Very Low
921,453,Very Low
453,953,Medium
953,453,Medium
453,968,Very Low
968,453,Very Low
454,647,Very Low
647,454,Very Low
454,954,Medium
954,454,Medium
455,470,Very Low
470,455,Very Low
455,585,Very Low
585,455,Very Low
455,798,Very Low
798,455,Very Low
455,955,High
955,455,High
455,970,Very Low
970,455,Very Low
456,492,Very Low
492,456,Very Low
456,725,Very Low
725,456,Very Low
456,918,Very Low
918,456,Very Low
456,956,Medium
956,456,Medium
456,992,Very Low
992,456,Very Low
457,597,Very Low
597,457,Very Low
457,839,Very Low
839,457,Very Low
457,957,High
957,457,High
458,709,Very Low
709,458,Very Low
458,792,Very Low
792,458,Very Low
458,958,Medium
958,458,Medium
459,781,Very Low
781,459,Very Low
459,862,Very Low
862,459,Very Low
459,959,High
959,459,High
460,609,Very Low
609,460,Very Low
460,812,Very Low
812,460,Very Low
460,960,Medium
960,460,Medium
461,483,Very Low
483,461,Very Low
461,893,Very Low
893,461,Very Low
461,961,Medium
961,461,Medium
461,983,Very Low
983,461,Very Low
462,871,Very Low
871,462,Very Low
462,962,High
962,462,High
463,487,Very Low
487,463,Very Low
463,652,Very Low
652,463,Very Low
463,742,Very Low
742,463,Very Low
463,767,Very Low
767,463,Very Low
463,850,Very Low
850,463,Very Low
463,930,Very Low
930,463,Very Low
463,963,High
963,463,High
463,987,Very Low
987,463,Very Low
464,574,Low
574,464,Low
464,964,Medium
964,464,Medium
465,932,Very Low
932,465,Very Low
465,965,Medium
965,465,Medium
466,581,Very Low
581,466,Very Low
466,966,High
966,466,High
467,519,Very Low
519,467,Very Low
467,587,Very Low
587,467,Very Low
467,595,Very Low
595,467,Very Low
467,768,Very Low
768,467,Very Low
467,825,Very Low
825,467,Very Low
467,967,Medium
967,467,Medium
468,570,Very Low
570,468,Very Low
468,650,Very Low
650,468,Very Low
468,729,Very Low
729,468,Very Low
468,891,Very Low
891,468,Very Low
468,921,Very Low
921,468,Very Low
468,953,Very Low
953,468,Very Low
468,968,Medium
968,468,Medium
469,728,Very Low
728,469,Very Low
469,911,Very Low
911,469,Very Low
469,969,High
969,469,High
470,585,Very Low
585,470,Very Low
470,722,Very Low
722,470,Very Low
470,843,Very Low
843,470,Very Low
470,955,Very Low
955,470,Very Low
470,970,Medium
970,470,Medium
471,529,Very Low
529,471,Very Low
471,563,Very Low
563,471,Very Low
471,666,Very Low
666,471,Very Low
471,772,Very Low
772,471,Very Low
471,878,Very Low
878,471,Very Low
471,884,Very Low
884,471,Very Low
471,971,Medium
971,471,Medium
472,604,Very Low
604,472,Very Low
472,612,Very Low
612,472,Very Low
472,718,Very Low
718,472,Very Low
472,820,Very Low
820,472,Very Low
472,972,High
972,472,High
473,726,Very Low
726,473,Very Low
473,858,Very Low
858,473,Very Low
473,949,Very Low
949,473,Very Low
473,973,High
973,473,High
474,496,Very Low
496,474,Very Low
474,501,Very Low
501,474,Very Low
474,508,Very Low
508,474,Very Low
474,585,Very Low
585,474,Very Low
474,702,Very Low
702,474,Very Low
474,752,Very Low
752,474,Very Low
474,872,Very Low
872,474,Very Low
474,974,Medium
974,474,Medium
474,996,Very Low
996,474,Very Low
475,975,High
975,475,High
476,920,Very Low
920,476,Very Low
476,976,High
976,476,High
477,562,Very Low
562,477,Very Low
477,977,High
977,477,High
478,582,Very Low
582,478,Very Low
478,913,Very Low
913,478,Very Low
478,978,Medium
978,478,Medium
479,510,Very Low
510,479,Very Low
479,979,High
979,479,High
480,980,Medium
980,480,Medium
481,521,Very Low
521,481,Very Low
481,981,Medium
981,481,Medium
482,879,Very Low
879,482,Very Low
482,982,High
982,482,High
483,723,Very Low
723,483,Very Low
483,734,Very Low
734,483,Very Low
483,796,Very Low
796,483,Very Low
483,961,Very Low
961,483,Very Low
483,983,High
983,483,High
484,584,Very Low
584,484,Very Low
484,984,Medium
984,484,Medium
485,985,High
985,485,High
486,897,Very Low
897,486,Very Low
486,986,Medium
986,486,Medium
487,652,Very Low
652,487,Very Low
487,742,Very Low
742,487,Very Low
487,767,Very Low
767,487,Very Low
487,850,Very Low
850,487,Very Low
487,930,Very Low
930,487,Very Low
487,963,Very Low
963,487,Very Low
487,987,High
987,487,High
488,580,Very Low
580,488,Very Low
488,988,Medium
988,488,Medium
489,586,Very Low
586,489,Very Low
489,665,Very Low
665,489,Very Low
489,989,High
989,489,High
490,814,Very Low
814,490,Very Low
490,990,Medium
990,490,Medium
491,991,Medium
991,491,Medium
492,552,Very Low
552,492,Very Low
492,956,Very Low
956,492,Very Low
492,992,High
992,492,High
493,993,Medium
993,493,Medium
494,497,Very Low
497,494,Very Low
494,516,Very Low
516,494,Very Low
494,565,Very Low
565,494,Very Low
494,642,Very Low
642,494,Very Low
494,800,Very Low
800,494,Very Low
494,994,Medium
994,494,Medium
494,997,Very Low
997,494,Very Low
495,696,Very Low
696,495,Very Low
495,766,Very Low
766,495,Very Low
495,904,Very Low
904,495,Very Low
495,995,Medium
995,495,Medium
496,631,Very Low
631,496,Very Low
496,662,Very Low
662,496,Very Low
496,736,Very Low
736,496,Very Low
496,801,Very Low
801,496,Very Low
496,855,Very Low
855,496,Very Low
496,875,Very Low
875,496,Very Low
496,974,Very Low
974,496,Very Low
496,996,High
996,496,High
497,498,Very Low
498,497,Very Low
497,614,Very Low
614,497,Very Low
497,644,Very Low
644,497,Very Low
497,994,Very Low
994,497,Very Low
497,997,Medium
997,497,Medium
497,998,Very Low
998,497,Very Low
498,741,Very Low
741,498,Very Low
498,997,Very Low
997,498,Very Low
498,998,Medium
998,498,Medium
499,619,Very Low
619,499,Very Low
499,698,Very Low
698,499,Very Low
499,746,Very Low
746,499,Very Low
499,804,Very Low
804,499,Very Low
499,919,Very Low
919,499,Very Low
499,999,Medium
999,499,Medium
500,864,Very Low
864,500,Very Low
500,1000,Medium
1000,500,Medium
500,1001,Medium
1001,500,Medium
501,974,Very Low
974,501,Very Low
505,645,Very Low
645,505,Very Low
508,974,Very Low
974,508,Very Low
510,979,Very Low
979,510,Very Low
513,608,Very Low
608,513,Very Low
514,952,Very Low
952,514,Very Low
516,642,Very Low
642,516,Very Low
516,994,Very Low
994,516,Very Low
519,967,Very Low
967,519,Very Low
520,697,Very Low
697,520,Very Low
521,981,Very Low
981,521,Very Low
529,551,Very Low
551,529,Very Low
529,666,Very Low
666,529,Very Low
529,971,Very Low
971,529,Very Low
536,828,Very Low
828,536,Very Low
538,637,Very Low
637,538,Very Low
539,897,Very Low
897,539,Very Low
544,667,Very Low
667,544,Very Low
550,676,Very Low
676,550,Very Low
551,681,Very Low
681,551,Very Low
551,693,Very Low
693,551,Very Low
552,992,Very Low
992,552,Very Low
558,671,Very Low
671,558,Very Low
559,634,Very Low
634,559,Very Low
562,977,Very Low
977,562,Very Low
563,666,Very Low
666,563,Very Low
563,971,Very Low
971,563,Very Low
564,613,Very Low
613,564,Very Low
565,642,Very Low
642,565,Very Low
565,994,Very Low
994,565,Very Low
567,635,Very Low
635,567,Very Low
570,953,Very Low
953,570,Very Low
570,968,Very Low
968,570,Very Low
571,633,Very Low
633,571,Very Low
574,964,Low
964,574,Low
576,667,Very Low
667,576,Very Low
580,988,Very Low
988,580,Very Low
581,966,Very Low
966,581,Very Low
582,978,Very Low
978,582,Very Low
584,984,Very Low
984,584,Very Low
585,955,Very Low
955,585,Very Low
585,970,Very Low
970,585,Very Low
585,974,Very Low
974,585,Very Low
586,665,Very Low
665,586,Very Low
586,989,Very Low
989,586,Very Low
587,967,Very Low
967,587,Very Low
588,613,Very Low
613,588,Very Low
591,845,Very Low
845,591,Very Low
595,967,Very Low
967,595,Very Low
597,686,Very Low
686,597,Very Low
597,691,Very Low
691,597,Very Low
597,957,Very Low
957,597,Very Low
604,972,Very Low
972,604,Very Low
605,636,Very Low
636,605,Very Low
606,623,Very Low
623,606,Very Low
609,960,Very Low
960,609,Very Low
612,972,Very Low
972,612,Very Low
614,997,Very Low
997,614,Very Low
619,999,Very Low
999,619,Very Low
625,664,Very Low
664,625,Very Low
626,951,Very Low
951,626,Very Low
631,996,Very Low
996,631,Very Low
642,994,Very Low
994,642,Very Low
644,997,Very Low
997,644,Very Low
647,954,Very Low
954,647,Very Low
650,968,Very Low
968,650,Very Low
652,963,Very Low
963,652,Very Low
652,987,Very Low
987,652,Very Low
655,862,Very Low
862,655,Very Low
660,873,Low
873,660,Low
662,996,Very Low
996,662,Very Low
665,989,Very Low
989,665,Very Low
666,971,Very Low
971,666,Very Low
696,995,Very Low
995,696,Very Low
698,999,Very Low
999,698,Very Low
702,974,Very Low
974,702,Very Low
709,958,Very Low
958,709,Very Low
718,972,Very Low
972,718,Very Low
722,970,Very Low
970,722,Very Low
723,791,Very Low
791,723,Very Low
723,983,Very Low
983,723,Very Low
725,956,Very Low
956,725,Very Low
726,973,Very Low
973,726,Very Low
728,969,Very Low
969,728,Very Low
729,953,Very Low
953,729,Very Low
729,968,Very Low
968,729,Very Low
734,983,Very Low
983,734,Very Low
736,996,Very Low
996,736,Very Low
741,998,Very Low
998,741,Very Low
742,963,Very Low
963,742,Very Low
742,987,Very Low
987,742,Very Low
746,999,Very Low
999,746,Very Low
752,974,Very Low
974,752,Very Low
766,995,Very Low
995,766,Very Low
767,963,Very Low
963,767,Very Low
767,987,Very Low
987,767,Very Low
768,967,Very Low
967,768,Very Low
772,971,Very Low
971,772,Very Low
781,959,Very Low
959,781,Very Low
792,958,Very Low
958,792,Very Low
796,983,Very Low
983,796,Very Low
798,955,Very Low
955,798,Very Low
800,994,Very Low
994,800,Very Low
801,996,Very Low
996,801,Very Low
804,999,Very Low
999,804,Very Low
812,960,Very Low
960,812,Very Low
814,990,Very Low
990,814,Very Low
820,972,Very Low
972,820,Very Low
825,967,Very Low
967,825,Very Low
839,957,Very Low
957,839,Very Low
843,970,Very Low
970,843,Very Low
850,963,Very Low
963,850,Very Low
850,987,Very Low
987,850,Very Low
855,996,Very Low
996,855,Very Low
858,973,Very Low
973,858,Very Low
862,959,Very Low
959,862,Very Low
864,1000,Very Low
1000,864,Very Low
865,951,Very Low
951,865,Very Low
871,962,Very Low
962,871,Very Low
872,974,Very Low
974,872,Very Low
875,996,Very Low
996,875,Very Low
878,971,Very Low
971,878,Very Low
879,982,Very Low
982,879,Very Low
884,971,Very Low
971,884,Very Low
891,953,Very Low
953,891,Very Low
891,968,Very Low
968,891,Very Low
893,961,Very Low
961,893,Very Low
897,986,Very Low
986,897,Very Low
904,995,Very Low
995,904,Very Low
911,969,Very Low
969,911,Very Low
912,952,Very Low
952,912,Very Low
913,978,Very Low
978,913,Very Low
918,956,Very Low
956,918,Very Low
919,999,Very Low
999,919,Very Low
920,976,Very Low
976,920,Very Low
921,953,Very Low
953,921,Very Low
921,968,Very Low
968,921,Very Low
930,963,Very Low
963,930,Very Low
930,987,Very Low
987,930,Very Low
932,965,Very Low
965,932,Very Low
935,944,Very Low
944,935,Very Low
949,973,Very Low
973,949,Very Low
953,968,Very Low
968,953,Very Low
955,970,Very Low
970,955,Very Low
956,992,Very Low
992,956,Very Low
961,983,Very Low
983,961,Very Low
963,987,Very Low
987,963,Very Low
974,996,Very Low
996,974,Very Low
994,997,Very Low
997,994,Very Low
997,998,Very Low
998,997,Very Low
1000,1001,High
1001,1000,High
